t,arrival_idx,max_wtp,season,customer_type,commodity_value,TEU,FEU,HC,REEF
0,0,2543.9700000000003,LOW,NEW,LOW,1,0,0,0
1,0,20622.945,LOW,RECURRING,LOW,0,2,2,0
2,0,2641.605,LOW,NEW,HIGH,1,0,0,0
3,3,4304.985,LOW,RECURRING,HIGH,2,0,0,0
3,0,13401.232500000002,LOW,NEW,HIGH,0,1,0,0
3,1,8236.2225,LOW,RECURRING,LOW,4,0,0,0
4,0,15041.235,LOW,RECURRING,LOW,0,2,1,0
4,2,18259.7775,LOW,NEW,HIGH,0,1,2,0
6,0,5509.215,LOW,NEW,HIGH,1,1,0,0
8,0,10488.307499999999,LOW,NEW,LOW,2,0,1,0
10,2,13264.612500000001,LOW,RECURRING,LOW,1,0,1,0
11,1,4144.8375,LOW,RECURRING,LOW,0,1,0,0
11,0,2695.455,LOW,RECURRING,LOW,1,0,0,0
12,0,5385.7875,LOW,RECURRING,HIGH,1,1,0,0
12,1,16775.1225,LOW,NEW,HIGH,2,2,1,0
13,3,12991.942500000001,LOW,RECURRING,LOW,3,1,0,0
13,2,2190.4725,LOW,RECURRING,HIGH,1,0,0,0
13,1,5322.7425,LOW,NEW,LOW,2,0,0,0
13,0,6648.36,LOW,NEW,LOW,1,0,1,0
14,0,3480.4125000000004,LOW,NEW,HIGH,0,1,0,0
15,0,21882.585,LOW,NEW,LOW,1,0,1,0
15,1,10102.3575,LOW,RECURRING,LOW,3,1,0,0
15,3,13119.974999999999,LOW,NEW,HIGH,0,2,1,0
16,1,2655.5625,LOW,NEW,LOW,1,0,0,0
17,1,4237.575000000001,LOW,NEW,HIGH,2,0,0,0
17,0,11456.5425,LOW,NEW,HIGH,1,0,2,0
18,2,10025.130000000001,LOW,RECURRING,LOW,2,0,1,0
19,1,2259.6375,LOW,NEW,LOW,1,0,0,0
19,0,4539.7425,LOW,RECURRING,LOW,0,1,0,0
20,1,14012.564999999999,LOW,NEW,HIGH,4,1,0,0
21,2,2619.2250000000004,LOW,NEW,HIGH,1,0,0,0
21,0,2331.8325,LOW,NEW,LOW,1,0,0,0
21,1,5276.4375,LOW,NEW,LOW,2,0,0,0
22,0,5162.0775,LOW,RECURRING,HIGH,2,0,0,0
22,1,9807.675,LOW,RECURRING,LOW,2,0,1,0
23,2,4488.9525,LOW,RECURRING,LOW,0,1,0,0
23,0,5675.385,LOW,NEW,HIGH,1,1,0,0
23,1,17101.050000000003,LOW,NEW,LOW,2,1,0,0
23,3,7001.700000000001,LOW,NEW,LOW,1,1,0,0
24,2,2366.7749999999996,LOW,RECURRING,LOW,1,0,0,0
24,0,17827.3125,LOW,NEW,HIGH,1,1,1,0
24,4,8813.0775,LOW,NEW,LOW,2,0,1,0
24,3,8060.7525000000005,LOW,NEW,LOW,0,2,0,0
24,1,8703.210000000001,LOW,NEW,HIGH,0,1,1,0
25,2,2043.4875000000002,LOW,NEW,LOW,1,0,0,0
25,3,11143.664999999999,LOW,RECURRING,HIGH,3,1,0,0
25,1,6986.467500000001,LOW,NEW,LOW,0,1,1,0
26,0,5383.8375,LOW,NEW,HIGH,2,0,0,0
26,3,7023.2325,LOW,NEW,LOW,1,1,0,0
26,1,2149.05,LOW,RECURRING,LOW,1,0,0,0
26,2,9949.26,LOW,RECURRING,LOW,2,0,1,0
27,3,2519.3925,LOW,NEW,LOW,1,0,0,0
27,1,10551.2475,LOW,NEW,HIGH,1,0,0,0
27,2,13005.885,LOW,NEW,LOW,1,0,2,0
27,0,12089.932499999999,LOW,NEW,LOW,1,1,0,0
28,1,6149.535,LOW,NEW,LOW,1,0,1,0
28,0,19237.9425,LOW,RECURRING,LOW,1,2,2,0
28,2,11558.8575,LOW,RECURRING,LOW,1,2,0,0
29,0,7143.51,LOW,RECURRING,LOW,2,1,0,0
29,1,18742.0425,LOW,NEW,LOW,0,0,1,0
29,3,11916.9525,LOW,NEW,HIGH,2,0,0,0
30,1,6981.75,LOW,RECURRING,LOW,1,1,0,0
31,1,22724.512499999997,LOW,NEW,LOW,2,2,0,0
32,1,7826.61,LOW,RECURRING,HIGH,0,1,1,0
33,1,19782.1275,LOW,NEW,LOW,2,3,0,0
33,3,10404.42,LOW,NEW,LOW,2,1,0,0
33,0,7655.789999999999,LOW,RECURRING,HIGH,1,1,0,0
34,2,7973.3925,LOW,NEW,HIGH,3,0,0,0
34,0,6035.4525,LOW,RECURRING,LOW,1,1,0,0
34,1,2319.5775,LOW,NEW,HIGH,1,0,0,0
35,2,5150.835,LOW,RECURRING,LOW,0,0,1,0
35,1,6992.6775,LOW,NEW,LOW,1,1,0,0
36,0,14968.5225,LOW,NEW,LOW,3,0,2,0
36,2,8412.8025,LOW,RECURRING,LOW,0,2,0,0
36,3,17106.96,LOW,NEW,HIGH,0,0,1,0
36,1,10268.82,LOW,RECURRING,HIGH,1,0,0,0
37,2,2249.445,LOW,RECURRING,LOW,1,0,0,0
37,0,4911.5775,LOW,NEW,HIGH,0,1,0,0
38,0,9228.135,LOW,NEW,LOW,2,1,0,0
39,2,13115.835,LOW,NEW,LOW,0,3,0,0
39,0,9472.6125,LOW,RECURRING,LOW,3,1,0,0
40,0,4790.5650000000005,LOW,NEW,LOW,0,1,0,0
40,2,13486.035,LOW,NEW,HIGH,0,1,1,0
42,2,10605.75,LOW,NEW,LOW,0,1,0,0
42,0,16002.232500000002,LOW,RECURRING,HIGH,1,1,0,0
42,1,4451.887500000001,LOW,RECURRING,HIGH,0,1,0,0
42,5,11469.817500000001,LOW,RECURRING,HIGH,2,0,2,0
43,0,3623.6400000000003,LOW,NEW,LOW,0,0,1,0
44,0,17117.392499999998,LOW,RECURRING,HIGH,1,0,3,0
45,0,9873.465,LOW,RECURRING,LOW,0,2,0,0
45,1,11020.522500000001,LOW,RECURRING,LOW,1,0,0,0
46,1,13446.877499999999,LOW,NEW,HIGH,2,1,0,0
46,0,6715.1775,LOW,NEW,LOW,1,0,1,0
47,1,7627.86,LOW,NEW,LOW,2,0,1,0
47,2,16972.822500000002,LOW,NEW,HIGH,2,1,0,0
47,0,17113.987500000003,LOW,NEW,HIGH,1,2,1,0
48,1,10240.905,LOW,NEW,LOW,1,0,2,0
48,0,4459.387500000001,LOW,RECURRING,HIGH,2,0,0,0
49,0,7435.462500000001,LOW,NEW,HIGH,1,0,1,0
50,2,12380.7975,LOW,NEW,HIGH,0,1,0,0
50,1,2201.46,LOW,NEW,LOW,1,0,0,0
51,1,13997.392499999998,LOW,RECURRING,LOW,0,1,0,0
54,1,8644.95,LOW,NEW,HIGH,0,1,1,0
54,0,5529.405,LOW,NEW,HIGH,2,0,0,0
54,3,10899.42,LOW,NEW,LOW,0,3,0,0
55,2,7516.289999999999,LOW,RECURRING,HIGH,1,0,1,0
55,4,14814.622500000001,LOW,RECURRING,HIGH,2,1,0,0
55,1,14128.02,LOW,NEW,LOW,2,2,0,0
55,3,16001.355,LOW,NEW,HIGH,1,1,2,0
56,1,19502.512499999997,LOW,RECURRING,HIGH,2,1,0,0
57,1,28401.975000000002,LOW,NEW,LOW,1,3,2,0
57,0,9042.675,LOW,NEW,HIGH,2,0,1,0
58,3,8280.93,LOW,NEW,HIGH,3,0,0,0
58,1,7832.212500000001,LOW,RECURRING,LOW,1,1,0,0
58,2,12440.872500000001,LOW,NEW,LOW,3,0,0,0
58,0,4985.7825,LOW,RECURRING,LOW,0,1,0,0
59,1,12635.9925,LOW,NEW,HIGH,0,1,2,0
59,0,11256.0825,LOW,NEW,LOW,1,2,0,0
59,2,10195.462500000001,LOW,NEW,HIGH,2,0,1,0
60,0,2722.6875,LOW,RECURRING,LOW,1,0,0,0
61,0,4056.0975,LOW,RECURRING,LOW,2,0,0,0
62,2,5882.085,LOW,NEW,LOW,1,0,1,0
62,0,3714.585,LOW,RECURRING,LOW,0,1,0,0
63,0,19680.892499999998,LOW,NEW,HIGH,1,1,2,0
64,0,10986.5175,LOW,NEW,HIGH,1,1,1,0
66,0,2028.7275,LOW,RECURRING,HIGH,1,0,0,0
67,2,6128.37,LOW,NEW,HIGH,1,1,0,0
68,2,4670.362499999999,LOW,NEW,LOW,2,0,0,0
68,1,8028.674999999999,LOW,RECURRING,HIGH,0,1,1,0
69,1,15375.405,LOW,RECURRING,HIGH,2,1,2,0
69,3,10480.477499999999,LOW,NEW,HIGH,1,0,2,0
69,0,3434.2725,LOW,NEW,HIGH,0,1,0,0
70,0,16310.6475,LOW,NEW,LOW,3,0,0,0
73,1,5751.0975,LOW,RECURRING,LOW,1,1,0,0
73,0,12883.380000000001,LOW,RECURRING,HIGH,3,1,0,0
75,2,5637.8324999999995,LOW,NEW,HIGH,1,1,0,0
75,1,2581.11,LOW,NEW,HIGH,1,0,0,0
75,0,5203.4325,LOW,RECURRING,LOW,0,0,1,0
75,3,23023.095,LOW,RECURRING,HIGH,1,3,1,0
76,2,5502.51,LOW,NEW,LOW,2,0,0,0
76,3,3989.745,LOW,NEW,LOW,2,0,0,0
76,0,12966.795000000002,LOW,NEW,HIGH,1,1,1,0
76,1,7835.594999999999,LOW,NEW,HIGH,1,0,1,0
77,1,8626.365,LOW,RECURRING,LOW,1,2,0,0
78,1,5661.93,LOW,NEW,HIGH,1,0,1,0
79,0,7443.9375,LOW,RECURRING,LOW,1,0,1,0
79,1,7140.8325,LOW,NEW,HIGH,0,1,1,0
79,2,6803.295,LOW,NEW,HIGH,3,0,0,0
80,0,11132.460000000001,LOW,NEW,HIGH,1,1,1,0
81,0,2480.1075,LOW,RECURRING,LOW,1,0,0,0
82,0,16914.1875,LOW,NEW,LOW,3,2,0,0
82,1,4460.3475,LOW,NEW,LOW,0,0,1,0
83,4,2050.38,LOW,NEW,HIGH,1,0,0,0
83,2,2194.11,LOW,NEW,LOW,1,0,0,0
83,0,6318.285,LOW,NEW,LOW,1,1,0,0
83,1,6552.9825,LOW,NEW,LOW,1,1,0,0
83,3,14206.935000000001,LOW,RECURRING,HIGH,1,1,0,0
84,1,4384.875,LOW,NEW,HIGH,0,1,0,0
84,0,4397.4525,LOW,NEW,LOW,0,0,1,0
85,4,2116.2825000000003,LOW,NEW,LOW,1,0,0,0
85,1,5232.112499999999,LOW,RECURRING,LOW,2,0,0,0
85,0,6622.462500000001,LOW,NEW,HIGH,1,1,0,0
86,0,9377.895,LOW,RECURRING,LOW,1,1,1,0
86,1,1980.09,LOW,RECURRING,HIGH,1,0,0,0
87,0,5551.237499999999,LOW,RECURRING,LOW,1,1,0,0
87,1,8177.9325,LOW,RECURRING,HIGH,3,0,0,0
88,0,13544.107500000002,LOW,RECURRING,LOW,2,0,0,0
88,1,7451.467500000001,LOW,NEW,LOW,1,0,1,0
89,3,4535.85,LOW,RECURRING,HIGH,2,0,0,0
89,0,5722.125,LOW,NEW,LOW,3,0,0,0
90,1,7729.14,LOW,RECURRING,HIGH,2,1,0,0
90,0,6877.4400000000005,LOW,NEW,HIGH,1,1,0,0
91,0,6155.295,LOW,NEW,HIGH,1,0,1,0
92,1,2801.52,LOW,NEW,LOW,1,0,0,0
92,2,4870.3275,LOW,RECURRING,LOW,0,1,0,0
92,0,13516.86,LOW,RECURRING,HIGH,2,2,0,0
93,2,9993.6675,LOW,RECURRING,HIGH,1,0,0,0
93,1,4130.5575,LOW,NEW,LOW,0,1,0,0
94,0,2216.2875000000004,LOW,RECURRING,LOW,1,0,0,0
94,1,11007.1275,LOW,NEW,HIGH,2,1,1,0
96,3,18076.635000000002,LOW,NEW,HIGH,1,0,0,0
96,1,12679.1325,LOW,NEW,LOW,1,2,0,0
96,0,7206.217500000001,LOW,RECURRING,HIGH,2,1,0,0
96,2,1942.815,LOW,RECURRING,HIGH,1,0,0,0
97,1,3864.3900000000003,LOW,NEW,LOW,0,1,0,0
97,0,18666.18,LOW,RECURRING,LOW,3,0,2,0
98,1,9447.24,LOW,RECURRING,LOW,2,0,1,0
98,2,5062.005,LOW,RECURRING,LOW,2,0,0,0
99,1,10924.4175,LOW,NEW,LOW,0,1,0,0
99,3,4015.83,LOW,NEW,HIGH,0,1,0,0
99,2,2595.015,LOW,NEW,LOW,1,0,0,0
100,2,22910.04,LOW,RECURRING,HIGH,3,2,1,0
101,1,12125.235,LOW,RECURRING,HIGH,3,1,0,0
101,0,17215.8675,LOW,NEW,HIGH,4,0,2,0
102,0,10149.27,LOW,NEW,HIGH,3,0,1,0
102,1,7333.530000000001,LOW,NEW,HIGH,2,1,0,0
103,0,10616.460000000001,LOW,RECURRING,LOW,2,0,1,0
103,2,15291.982500000002,LOW,NEW,LOW,1,1,2,0
103,4,11574.772500000001,LOW,RECURRING,HIGH,1,0,0,0
104,0,2532.9975,LOW,NEW,LOW,1,0,0,0
104,1,12510.6525,LOW,NEW,HIGH,0,0,1,0
105,1,9285.727499999999,LOW,NEW,LOW,0,2,0,0
105,0,7554.0525,LOW,NEW,LOW,1,1,0,0
106,1,13679.7825,LOW,NEW,HIGH,3,1,1,0
107,0,27742.86,LOW,NEW,HIGH,2,0,1,0
107,4,16524.697500000002,LOW,NEW,LOW,1,1,2,0
107,2,22919.505,LOW,NEW,LOW,1,2,1,0
107,3,15638.2575,LOW,RECURRING,LOW,3,0,2,0
108,0,5837.6475,LOW,NEW,LOW,1,0,1,0
108,1,4735.049999999999,LOW,NEW,LOW,0,1,0,0
109,1,3491.9925,LOW,RECURRING,LOW,0,1,0,0
109,0,15341.212500000001,LOW,RECURRING,LOW,4,1,0,0
110,0,2151.2325,LOW,RECURRING,LOW,1,0,0,0
110,2,7380.615,LOW,RECURRING,HIGH,1,0,1,0
111,0,6385.837500000001,LOW,NEW,LOW,3,0,0,0
111,1,7231.92,LOW,RECURRING,HIGH,1,1,0,0
112,3,5286.165,LOW,RECURRING,LOW,0,0,1,0
112,2,8417.8875,LOW,NEW,LOW,2,0,1,0
112,5,5288.174999999999,LOW,RECURRING,HIGH,1,1,0,0
112,4,9340.6575,LOW,RECURRING,LOW,0,1,1,0
112,0,14172.51,LOW,NEW,HIGH,2,2,1,0
112,1,5543.34,LOW,RECURRING,LOW,1,0,1,0
113,0,8335.335000000001,LOW,NEW,HIGH,0,1,1,0
114,0,8275.522500000001,LOW,RECURRING,LOW,3,0,0,0
114,1,2050.0724999999998,LOW,NEW,HIGH,1,0,0,0
115,1,14798.115,LOW,RECURRING,LOW,2,3,0,0
115,3,4512.78,LOW,NEW,LOW,0,1,0,0
115,0,3993.8775,LOW,NEW,HIGH,0,1,0,0
115,2,4301.7525000000005,LOW,NEW,LOW,0,1,0,0
116,2,16817.805,LOW,NEW,HIGH,1,0,0,0
116,0,16363.807499999999,LOW,RECURRING,LOW,1,2,1,0
117,0,9802.755000000001,LOW,NEW,LOW,2,1,0,0
117,2,4614.0375,LOW,NEW,HIGH,0,1,0,0
118,0,15515.6175,LOW,RECURRING,LOW,1,3,0,0
119,0,5464.3724999999995,LOW,RECURRING,LOW,1,1,0,0
119,3,3751.7775,LOW,NEW,HIGH,0,1,0,0
119,2,3994.2074999999995,LOW,RECURRING,LOW,0,1,0,0
120,2,5991.3675,LOW,NEW,LOW,3,0,0,0
120,0,4930.3575,LOW,NEW,HIGH,0,0,1,0
120,1,10744.897500000001,LOW,NEW,LOW,1,1,1,0
121,0,8783.19,LOW,RECURRING,LOW,2,1,0,0
121,1,12092.8875,LOW,NEW,LOW,0,1,0,0
122,2,2722.9425,LOW,RECURRING,LOW,1,0,0,0
122,4,9291.885,LOW,RECURRING,LOW,1,2,0,0
122,0,14435.557499999999,LOW,NEW,LOW,2,1,0,0
122,1,4390.387500000001,LOW,NEW,LOW,0,0,1,0
123,0,9266.4825,LOW,NEW,HIGH,1,1,1,0
124,2,6889.1775,LOW,RECURRING,HIGH,1,1,0,0
124,1,8482.77,LOW,NEW,LOW,0,0,2,0
124,0,18050.2725,LOW,RECURRING,HIGH,4,0,0,0
124,3,4205.1449999999995,LOW,NEW,HIGH,0,1,0,0
125,0,10075.185,LOW,RECURRING,LOW,0,0,2,0
125,2,6276.299999999999,LOW,RECURRING,LOW,1,1,0,0
125,3,13429.14,LOW,RECURRING,LOW,6,0,0,0
125,1,8769.09,LOW,RECURRING,HIGH,0,1,1,0
126,1,9107.5125,LOW,NEW,LOW,2,1,0,0
126,0,6604.087500000001,LOW,NEW,HIGH,1,0,1,0
127,0,10535.76,LOW,NEW,LOW,1,1,1,0
127,3,5282.9025,LOW,NEW,HIGH,1,1,0,0
127,2,18884.79,LOW,NEW,HIGH,3,1,0,0
127,1,6195.637500000001,LOW,NEW,LOW,1,1,0,0
128,3,16624.35,LOW,RECURRING,LOW,2,2,0,0
128,0,6973.215,LOW,RECURRING,HIGH,1,1,0,0
128,1,10734.18,LOW,RECURRING,LOW,0,1,2,0
128,2,14946.795000000002,LOW,NEW,LOW,4,1,0,0
129,1,4237.5225,LOW,NEW,LOW,2,0,0,0
129,2,12801.0,LOW,RECURRING,HIGH,1,1,1,0
129,3,13185.599999999999,LOW,RECURRING,LOW,1,0,2,0
130,0,15835.244999999999,LOW,NEW,HIGH,0,1,2,0
131,4,7495.635,LOW,NEW,LOW,2,0,1,0
131,2,5570.6175,LOW,NEW,LOW,1,1,0,0
132,0,10395.6225,LOW,NEW,HIGH,2,0,1,0
132,1,22741.23,LOW,NEW,LOW,6,2,1,0
134,0,2591.34,LOW,RECURRING,HIGH,1,0,0,0
135,0,35055.524999999994,LOW,NEW,LOW,7,1,1,0
136,0,5026.455,LOW,NEW,HIGH,2,0,0,0
136,3,15386.79,LOW,NEW,LOW,2,2,0,0
138,3,8746.125,LOW,RECURRING,LOW,1,2,0,0
139,0,9043.462500000001,LOW,RECURRING,LOW,1,2,0,0
140,1,2040.6075,LOW,NEW,LOW,1,0,0,0
140,0,7432.275000000001,LOW,RECURRING,LOW,1,1,0,0
140,2,4057.1325,LOW,RECURRING,HIGH,0,1,0,0
140,3,4575.42,LOW,NEW,LOW,0,1,0,0
141,1,19382.055,LOW,RECURRING,LOW,1,0,0,0
141,0,4482.299999999999,LOW,RECURRING,LOW,2,0,0,0
142,0,19614.78,LOW,RECURRING,HIGH,1,1,1,0
142,2,9585.6225,LOW,NEW,HIGH,2,1,0,0
142,3,7541.385,LOW,RECURRING,HIGH,1,0,1,0
142,1,6251.280000000001,LOW,RECURRING,LOW,1,1,0,0
143,1,7365.2325,LOW,RECURRING,LOW,1,1,0,0
143,2,12966.824999999999,LOW,NEW,LOW,0,2,0,0
144,1,4688.5875,LOW,RECURRING,HIGH,0,1,0,0
144,2,9704.557499999999,LOW,NEW,LOW,1,1,1,0
144,3,4297.65,LOW,NEW,HIGH,2,0,0,0
144,0,15428.579999999998,LOW,RECURRING,LOW,1,0,1,0
145,0,4353.6825,LOW,NEW,HIGH,0,1,0,0
146,2,6773.49,LOW,NEW,LOW,1,1,0,0
146,4,24611.159999999996,LOW,RECURRING,HIGH,1,1,0,1
146,0,3683.3550000000005,LOW,RECURRING,HIGH,0,1,0,0
146,1,4863.78,LOW,RECURRING,LOW,2,0,0,0
146,3,27440.7825,LOW,RECURRING,LOW,3,1,1,0
147,3,4430.97,LOW,NEW,HIGH,2,0,0,0
147,2,18054.12,LOW,NEW,HIGH,4,1,1,0
147,1,27875.835,LOW,NEW,HIGH,2,0,1,0
148,0,19861.387499999997,LOW,NEW,LOW,1,1,1,0
148,1,7867.74,LOW,RECURRING,HIGH,2,1,0,0
149,2,4825.7474999999995,LOW,RECURRING,HIGH,2,0,0,0
149,0,4986.015,LOW,NEW,LOW,0,1,0,0
149,1,8121.539999999999,LOW,NEW,HIGH,0,2,0,0
150,0,5413.1325,LOW,RECURRING,HIGH,1,1,0,0
150,2,2776.7325,LOW,RECURRING,LOW,1,0,0,0
151,2,7771.965,LOW,NEW,HIGH,3,0,0,0
151,3,9210.675,LOW,NEW,HIGH,1,1,1,0
151,4,1986.3075,LOW,NEW,HIGH,1,0,0,0
151,1,7820.7675,LOW,RECURRING,LOW,2,0,1,0
151,5,2631.3450000000003,LOW,NEW,LOW,1,0,0,0
151,0,2233.3125,LOW,NEW,LOW,1,0,0,0
152,0,3964.995,LOW,NEW,HIGH,0,0,1,0
152,2,3783.2699999999995,LOW,RECURRING,LOW,0,1,0,0
153,0,7555.049999999999,LOW,RECURRING,LOW,1,0,1,0
154,1,13992.817500000001,LOW,NEW,HIGH,0,1,2,0
154,2,2366.2124999999996,LOW,NEW,HIGH,1,0,0,0
154,4,18218.4525,LOW,NEW,LOW,0,2,0,0
154,0,4221.112499999999,LOW,NEW,HIGH,0,1,0,0
155,0,10641.0075,LOW,NEW,LOW,1,2,0,0
155,2,15294.1725,LOW,NEW,HIGH,2,1,1,0
156,0,4476.1575,LOW,NEW,LOW,0,1,0,0
156,2,7533.030000000001,LOW,RECURRING,LOW,1,0,1,0
157,3,10079.849999999999,LOW,RECURRING,HIGH,0,1,1,0
157,0,8370.015,LOW,NEW,LOW,0,2,0,0
158,1,6943.365,LOW,NEW,LOW,3,0,0,0
159,0,6629.700000000001,LOW,RECURRING,HIGH,1,1,0,0
160,2,12847.965,LOW,RECURRING,LOW,3,0,1,0
160,1,12050.115,LOW,RECURRING,LOW,1,2,0,0
160,0,3763.4624999999996,LOW,NEW,LOW,2,0,0,0
160,4,9833.7975,LOW,RECURRING,HIGH,1,2,0,0
160,3,12756.255000000001,LOW,NEW,HIGH,2,0,2,0
161,0,3596.19,LOW,NEW,LOW,0,1,0,0
161,2,9482.865,LOW,NEW,HIGH,2,1,0,0
161,3,10487.692500000001,LOW,NEW,LOW,1,2,0,0
162,3,6378.1425,LOW,NEW,LOW,1,0,1,0
163,2,9569.4525,LOW,NEW,LOW,0,1,1,0
163,3,15647.985,LOW,NEW,LOW,2,3,0,0
163,0,1931.46,LOW,RECURRING,LOW,1,0,0,0
163,4,10613.9025,LOW,RECURRING,LOW,0,0,2,0
164,3,12606.0,LOW,RECURRING,LOW,3,1,0,0
164,1,18934.012499999997,LOW,NEW,LOW,4,1,2,0
165,0,20771.595,LOW,NEW,LOW,2,0,0,0
166,4,18371.1825,LOW,NEW,HIGH,2,2,1,0
166,3,4192.62,LOW,RECURRING,HIGH,0,1,0,0
166,2,4745.9925,LOW,NEW,LOW,2,0,0,0
167,1,13636.515,LOW,RECURRING,LOW,3,0,0,0
167,0,13278.824999999999,LOW,RECURRING,HIGH,2,0,0,0
169,1,13176.0525,LOW,RECURRING,HIGH,0,1,0,0
169,0,12687.2925,LOW,RECURRING,LOW,3,1,0,0
172,2,2626.515,LOW,NEW,LOW,1,0,0,0
172,0,4679.22,LOW,RECURRING,LOW,0,1,0,0
173,2,12185.6325,LOW,RECURRING,HIGH,1,0,2,0
174,0,13860.255000000001,LOW,NEW,HIGH,0,1,0,0
176,0,10205.625,LOW,NEW,HIGH,1,0,2,0
176,5,11090.1675,LOW,NEW,LOW,4,0,0,0
176,2,17279.25,LOW,NEW,HIGH,2,1,0,0
176,3,4073.9700000000003,LOW,NEW,HIGH,0,1,0,0
176,1,22507.0275,LOW,NEW,LOW,6,0,0,0
176,4,11174.0925,LOW,NEW,HIGH,1,1,1,0
177,4,2247.7575,LOW,RECURRING,LOW,1,0,0,0
177,1,4765.1325,LOW,RECURRING,LOW,0,0,1,0
177,3,2125.5075,LOW,NEW,LOW,1,0,0,0
177,2,13698.6975,LOW,RECURRING,LOW,3,0,1,0
177,0,7425.8025,LOW,NEW,HIGH,1,1,0,0
178,5,10451.94,LOW,RECURRING,HIGH,1,2,0,0
178,2,11488.537499999999,LOW,NEW,HIGH,3,1,0,0
178,0,5062.2975,LOW,NEW,LOW,2,0,0,0
178,3,12759.195,LOW,RECURRING,HIGH,1,2,0,0
179,0,10164.84,LOW,RECURRING,HIGH,1,0,0,0
180,0,4069.1325,LOW,NEW,HIGH,0,0,1,0
181,0,16952.52,LOW,NEW,LOW,1,1,1,0
181,1,1881.8325,LOW,RECURRING,LOW,1,0,0,0
182,1,2156.64,LOW,RECURRING,LOW,1,0,0,0
182,0,4725.8175,LOW,NEW,LOW,0,1,0,0
182,2,2231.745,LOW,RECURRING,LOW,1,0,0,0
183,4,21124.425000000003,LOW,RECURRING,HIGH,0,2,1,0
183,5,14208.037499999999,LOW,NEW,LOW,1,0,1,0
183,2,14472.045000000002,LOW,NEW,LOW,0,3,0,0
183,1,3914.9325,LOW,NEW,LOW,2,0,0,0
183,3,15185.482500000002,LOW,RECURRING,LOW,0,3,0,0
184,3,2728.575,LOW,NEW,HIGH,1,0,0,0
184,1,8079.1425,LOW,NEW,LOW,3,0,0,0
184,0,1926.3674999999998,LOW,NEW,HIGH,1,0,0,0
185,0,12053.4225,LOW,NEW,HIGH,1,0,1,0
187,4,3733.2000000000003,LOW,NEW,HIGH,0,1,0,0
187,3,22118.775,LOW,RECURRING,LOW,2,0,2,0
187,2,3855.6825,LOW,NEW,HIGH,2,0,0,0
188,1,13115.34,LOW,RECURRING,LOW,2,0,2,0
188,3,17273.055,LOW,NEW,LOW,0,1,1,0
188,2,8037.907499999999,LOW,NEW,LOW,2,0,1,0
188,4,7825.912499999999,LOW,RECURRING,HIGH,1,1,0,0
189,1,4098.99,LOW,NEW,LOW,0,1,0,0
189,2,8357.73,LOW,RECURRING,LOW,1,0,0,0
190,1,8432.647500000001,LOW,NEW,LOW,0,2,0,0
190,2,12221.0175,LOW,RECURRING,LOW,1,1,1,0
191,1,7568.3475,LOW,RECURRING,LOW,1,1,0,0
192,2,9552.6525,LOW,RECURRING,LOW,2,0,1,0
192,0,2602.4474999999998,LOW,RECURRING,LOW,1,0,0,0
192,1,4712.61,LOW,RECURRING,HIGH,0,1,0,0
193,2,9047.325,LOW,NEW,HIGH,2,0,1,0
193,0,6475.4925,LOW,NEW,HIGH,3,0,0,0
194,0,9879.195,LOW,RECURRING,LOW,3,1,0,0
194,3,19892.6175,LOW,RECURRING,LOW,3,1,0,0
194,2,6818.775000000001,LOW,NEW,HIGH,1,1,0,0
194,1,6800.835000000001,LOW,NEW,HIGH,0,2,0,0
195,0,9375.787499999999,LOW,NEW,HIGH,4,0,0,0
195,3,4383.8324999999995,LOW,NEW,LOW,0,1,0,0
195,2,4938.84,LOW,NEW,HIGH,0,0,1,0
195,1,11489.3025,LOW,NEW,HIGH,1,2,0,0
196,2,6657.48,LOW,NEW,LOW,1,1,0,0
196,0,9305.932499999999,LOW,NEW,HIGH,0,2,0,0
196,1,7169.280000000001,LOW,RECURRING,LOW,1,1,0,0
197,3,2498.415,LOW,NEW,LOW,1,0,0,0
197,1,16791.21,LOW,NEW,HIGH,1,2,1,0
197,2,3444.75,LOW,RECURRING,HIGH,0,1,0,0
197,5,18550.155,LOW,NEW,HIGH,1,2,2,0
197,4,2688.7575,LOW,NEW,LOW,1,0,0,0
198,1,19856.0775,LOW,NEW,HIGH,2,3,1,0
199,1,10195.664999999999,LOW,NEW,LOW,0,1,1,0
199,0,14952.435000000001,LOW,NEW,LOW,2,2,0,0
200,0,27941.445,LOW,RECURRING,HIGH,2,2,2,0
202,0,6918.2925,LOW,NEW,HIGH,1,0,1,0
204,4,1949.9924999999998,LOW,NEW,LOW,1,0,0,0
204,6,5381.7825,LOW,NEW,HIGH,2,0,0,0
204,3,13406.97,LOW,NEW,LOW,3,0,1,0
204,2,6363.112499999999,LOW,RECURRING,LOW,1,0,1,0
204,1,16217.535,LOW,NEW,LOW,4,0,1,0
204,0,15415.574999999999,LOW,NEW,HIGH,4,2,0,0
204,5,9629.5725,LOW,RECURRING,HIGH,3,0,1,0
205,1,10120.289999999999,LOW,NEW,HIGH,1,0,2,0
205,3,5001.862499999999,LOW,NEW,HIGH,0,0,1,0
205,5,4261.11,LOW,NEW,LOW,0,0,1,0
205,0,11094.9825,LOW,RECURRING,LOW,3,0,1,0
206,3,5260.8375,LOW,NEW,LOW,0,0,1,0
206,1,11559.945,LOW,RECURRING,LOW,1,2,0,0
206,0,13823.115,LOW,NEW,LOW,2,0,0,0
206,2,4982.46,LOW,NEW,LOW,0,0,1,0
207,4,20649.96,LOW,RECURRING,LOW,1,0,0,0
207,2,8627.715,LOW,NEW,LOW,1,0,0,0
207,5,9418.162499999999,LOW,NEW,LOW,4,0,0,0
208,0,13063.560000000001,LOW,NEW,HIGH,4,1,0,0
210,0,23819.1675,LOW,NEW,LOW,0,2,1,0
210,1,16266.4725,LOW,NEW,LOW,1,2,1,0
212,1,2519.7225,LOW,RECURRING,HIGH,1,0,0,0
212,3,17964.9975,LOW,RECURRING,HIGH,2,1,0,0
212,2,10241.16,LOW,NEW,HIGH,0,1,0,0
212,0,22118.4225,LOW,RECURRING,LOW,0,1,2,0
214,0,12047.2575,LOW,RECURRING,HIGH,1,2,0,0
217,0,8771.880000000001,LOW,RECURRING,LOW,2,1,0,0
217,2,13713.5925,LOW,NEW,LOW,2,1,0,0
217,1,8273.0625,LOW,NEW,LOW,3,0,0,0
218,0,8706.412499999999,LOW,NEW,HIGH,0,2,0,0
219,1,2804.94,LOW,RECURRING,HIGH,1,0,0,0
219,0,2571.2025,LOW,RECURRING,LOW,1,0,0,0
220,1,1995.5249999999999,LOW,NEW,HIGH,1,0,0,0
220,0,11528.58,LOW,NEW,HIGH,1,0,0,0
221,0,14811.224999999999,LOW,RECURRING,HIGH,3,1,1,0
221,1,6680.7075,LOW,NEW,LOW,1,1,0,0
222,0,5226.1725,LOW,NEW,LOW,2,0,0,0
223,4,8298.105,LOW,RECURRING,LOW,0,2,0,0
223,2,5106.9974999999995,LOW,NEW,HIGH,0,0,1,0
223,1,23178.315,LOW,RECURRING,HIGH,2,2,1,0
223,0,18606.614999999998,LOW,NEW,LOW,2,1,1,0
223,3,25866.1725,LOW,NEW,HIGH,4,0,0,0
224,1,12342.54,LOW,NEW,HIGH,0,1,0,0
224,0,6336.99,LOW,NEW,LOW,1,0,1,0
225,0,5358.674999999999,LOW,RECURRING,HIGH,0,0,1,0
225,2,2612.2124999999996,LOW,NEW,LOW,1,0,0,0
227,0,16746.607500000002,LOW,NEW,HIGH,2,1,0,0
228,5,4610.13,LOW,NEW,HIGH,0,1,0,0
228,2,17092.44,LOW,NEW,HIGH,1,2,1,0
228,3,18322.8975,LOW,NEW,LOW,2,0,1,0
228,4,23631.0,LOW,NEW,LOW,3,1,0,0
228,6,29685.337499999998,LOW,NEW,LOW,3,1,2,0
229,3,12241.905,LOW,NEW,LOW,2,1,1,0
229,0,14687.28,LOW,NEW,LOW,1,1,0,0
230,0,9255.105,LOW,NEW,LOW,2,1,0,0
230,3,19467.7125,LOW,RECURRING,LOW,1,3,0,0
231,0,8425.6575,LOW,RECURRING,LOW,0,0,2,0
231,1,12269.775000000001,LOW,RECURRING,LOW,2,2,0,0
232,1,19905.945,LOW,NEW,LOW,3,1,2,0
232,0,8984.0025,LOW,RECURRING,LOW,1,0,0,0
232,3,1925.1374999999998,LOW,RECURRING,HIGH,1,0,0,0
234,0,17702.94,LOW,NEW,LOW,2,1,0,0
235,0,12826.5525,LOW,NEW,LOW,0,0,1,0
237,0,7204.3724999999995,LOW,RECURRING,LOW,1,1,0,0
237,2,3806.34,LOW,RECURRING,LOW,0,1,0,0
237,1,6334.4325,LOW,NEW,LOW,1,1,0,0
238,2,7317.84,LOW,NEW,LOW,1,0,1,0
238,0,10247.55,LOW,NEW,HIGH,2,0,1,0
238,1,2409.6000000000004,LOW,RECURRING,LOW,1,0,0,0
239,3,20924.07,LOW,NEW,LOW,2,1,0,0
239,2,16896.300000000003,LOW,RECURRING,HIGH,1,3,0,0
239,1,2214.93,LOW,NEW,HIGH,1,0,0,0
240,1,2269.5675,LOW,RECURRING,LOW,1,0,0,0
240,0,19617.824999999997,LOW,NEW,LOW,2,1,1,0
241,2,14560.425000000001,LOW,NEW,LOW,0,2,1,0
241,3,9429.825,LOW,NEW,LOW,1,0,2,0
242,1,7543.3275,LOW,NEW,HIGH,2,0,1,0
242,2,6604.724999999999,LOW,RECURRING,HIGH,1,1,0,0
243,0,19226.475,LOW,NEW,HIGH,2,1,0,0
243,3,14614.545000000002,LOW,RECURRING,HIGH,4,0,1,0
243,1,9917.115,LOW,NEW,LOW,0,1,1,0
244,0,8271.7425,LOW,RECURRING,LOW,0,1,1,0
245,0,14468.5275,LOW,NEW,HIGH,1,1,0,0
245,1,1936.5749999999998,LOW,RECURRING,LOW,1,0,0,0
245,4,1937.9025,LOW,NEW,HIGH,1,0,0,0
245,2,4485.87,LOW,NEW,LOW,0,0,1,0
246,0,10789.8675,LOW,NEW,LOW,2,1,1,0
246,1,1895.8425,LOW,RECURRING,LOW,1,0,0,0
247,0,3824.085,LOW,NEW,LOW,0,1,0,0
247,1,12481.155,LOW,RECURRING,LOW,4,1,0,0
249,2,2637.69,LOW,RECURRING,HIGH,1,0,0,0
250,1,8011.155000000001,LOW,RECURRING,LOW,3,0,0,0
251,0,13168.732500000002,LOW,RECURRING,LOW,1,1,2,0
251,1,7211.0025000000005,LOW,NEW,HIGH,1,0,1,0
252,0,16306.41,LOW,NEW,LOW,1,1,0,0
252,1,6696.51,LOW,NEW,LOW,3,0,0,0
253,0,18275.137499999997,LOW,NEW,LOW,0,3,1,0
253,1,1993.1325000000002,LOW,NEW,LOW,1,0,0,0
254,0,10309.6725,LOW,NEW,LOW,2,0,1,0
255,1,12467.130000000001,LOW,RECURRING,HIGH,3,0,1,0
255,3,6144.450000000001,LOW,NEW,HIGH,1,1,0,0
255,0,2662.7400000000002,LOW,NEW,LOW,1,0,0,0
257,1,7676.594999999999,LOW,RECURRING,LOW,1,1,0,0
257,0,12508.837500000001,LOW,NEW,LOW,0,3,0,0
257,2,9882.8775,LOW,RECURRING,LOW,1,2,0,0
258,0,5725.635,LOW,NEW,LOW,1,1,0,0
259,2,19578.36,LOW,RECURRING,LOW,2,1,1,0
260,3,26245.335,LOW,NEW,LOW,2,0,1,0
260,2,4614.705,LOW,RECURRING,HIGH,0,0,1,0
260,4,24604.11,LOW,NEW,LOW,0,4,1,0
260,1,4871.46,LOW,NEW,LOW,0,1,0,0
261,1,3856.0275,LOW,NEW,LOW,2,0,0,0
261,3,13975.747500000001,LOW,NEW,HIGH,1,2,1,0
261,2,8343.195,LOW,NEW,LOW,2,1,0,0
262,0,14314.59,LOW,NEW,HIGH,2,2,0,0
263,2,5501.37,LOW,RECURRING,HIGH,1,0,1,0
263,1,9935.64,LOW,NEW,HIGH,1,2,0,0
264,2,6921.375,LOW,RECURRING,LOW,3,0,0,0
264,0,14395.4175,LOW,NEW,HIGH,3,2,0,0
265,3,8463.900000000001,LOW,NEW,LOW,0,1,1,0
265,0,20789.760000000002,LOW,NEW,HIGH,2,3,0,0
267,0,5822.745,LOW,NEW,HIGH,1,0,1,0
269,3,5163.12,LOW,NEW,LOW,0,0,1,0
269,1,11840.8875,LOW,RECURRING,LOW,0,1,0,0
269,2,5364.0599999999995,LOW,NEW,LOW,2,0,0,0
270,1,1966.59,LOW,RECURRING,HIGH,1,0,0,0
270,0,9068.647500000001,LOW,NEW,HIGH,1,2,0,0
270,6,10319.0175,LOW,RECURRING,HIGH,2,0,0,0
270,4,6036.8925,LOW,NEW,LOW,1,1,0,0
270,2,2674.4700000000003,LOW,RECURRING,LOW,1,0,0,0
270,3,7126.469999999999,LOW,NEW,LOW,1,1,0,0
271,1,9396.4875,LOW,NEW,LOW,3,1,0,0
271,0,2269.1549999999997,LOW,NEW,HIGH,1,0,0,0
272,0,8721.5475,LOW,NEW,LOW,4,0,0,0
272,1,6041.025,LOW,NEW,LOW,1,1,0,0
273,1,1938.8849999999998,LOW,RECURRING,LOW,1,0,0,0
273,2,13644.54,LOW,RECURRING,HIGH,0,1,0,0
274,3,19135.6725,LOW,RECURRING,LOW,3,1,0,0
274,0,12392.939999999999,LOW,RECURRING,LOW,2,1,1,0
274,1,4675.845,LOW,RECURRING,HIGH,0,1,0,0
275,0,2616.7575,LOW,NEW,HIGH,1,0,0,0
276,1,14815.155,LOW,NEW,LOW,3,0,2,0
277,0,3752.6025,LOW,RECURRING,HIGH,0,1,0,0
277,3,9511.852499999999,LOW,RECURRING,HIGH,2,1,0,0
278,1,2119.605,LOW,NEW,HIGH,1,0,0,0
278,2,2459.505,LOW,RECURRING,HIGH,1,0,0,0
279,0,9662.1525,LOW,NEW,LOW,1,2,0,0
280,2,19236.6225,LOW,NEW,HIGH,4,3,0,0
280,3,9105.150000000001,LOW,NEW,LOW,1,0,0,0
280,1,13328.52,LOW,NEW,LOW,3,1,0,0
280,0,9809.73,LOW,NEW,HIGH,1,0,0,0
281,1,4462.08,LOW,RECURRING,LOW,0,0,1,0
281,3,12372.09,LOW,NEW,LOW,3,1,0,0
281,0,19057.072500000002,LOW,NEW,HIGH,2,1,0,0
283,2,23064.3675,LOW,RECURRING,LOW,1,0,1,0
283,3,11724.7575,LOW,NEW,LOW,1,0,1,0
283,0,3611.6325,LOW,RECURRING,LOW,0,1,0,0
284,0,9883.305,LOW,NEW,LOW,2,0,1,0
284,2,4329.84,LOW,RECURRING,LOW,0,1,0,0
285,0,7530.2925,LOW,NEW,HIGH,1,1,0,0
286,0,5795.265,LOW,RECURRING,LOW,1,0,1,0
286,3,13360.560000000001,LOW,NEW,LOW,2,2,0,0
286,1,12403.5,LOW,NEW,HIGH,1,2,0,0
287,0,2802.66,LOW,RECURRING,HIGH,1,0,0,0
287,1,10459.335000000001,LOW,RECURRING,HIGH,1,1,1,0
288,2,19290.27,LOW,NEW,LOW,2,0,3,0
288,3,14336.385,LOW,NEW,HIGH,2,1,1,0
288,4,5340.5925,LOW,RECURRING,HIGH,0,0,1,0
289,0,11289.817500000001,LOW,RECURRING,LOW,1,1,1,0
289,4,10742.535,LOW,NEW,HIGH,4,0,0,0
290,3,2372.0099999999998,LOW,NEW,HIGH,1,0,0,0
290,0,16947.892499999998,LOW,NEW,LOW,1,3,0,0
290,1,13242.57,LOW,RECURRING,HIGH,0,0,1,0
291,2,13402.574999999999,LOW,NEW,LOW,0,2,1,0
291,0,19684.965,LOW,NEW,LOW,1,1,1,0
291,1,15609.09,LOW,NEW,LOW,4,1,1,0
292,1,12619.357500000002,LOW,NEW,LOW,0,3,0,0
292,0,14383.8225,LOW,RECURRING,LOW,2,3,0,0
292,2,4244.4525,LOW,NEW,HIGH,0,1,0,0
294,0,10385.0775,LOW,NEW,HIGH,1,2,0,0
294,1,8860.057499999999,LOW,NEW,HIGH,0,1,1,0
294,2,5290.4775,LOW,NEW,HIGH,1,1,0,0
295,3,19413.232500000002,LOW,NEW,LOW,2,1,2,0
295,2,2315.0625,LOW,NEW,HIGH,1,0,0,0
296,0,6053.0025000000005,LOW,NEW,LOW,1,0,1,0
297,0,10265.4825,LOW,RECURRING,LOW,4,0,0,0
297,2,14514.337500000001,LOW,NEW,LOW,2,1,1,0
298,4,15830.692500000001,LOW,NEW,LOW,1,1,0,0
298,3,11821.185,LOW,NEW,LOW,1,2,0,0
298,0,22912.14,LOW,RECURRING,LOW,7,0,2,0
298,2,8570.16,LOW,NEW,LOW,0,1,1,0
298,1,4655.9175000000005,LOW,NEW,HIGH,0,1,0,0
299,0,6266.0775,LOW,RECURRING,LOW,3,0,0,0
299,1,3794.4224999999997,LOW,NEW,HIGH,0,0,1,0
300,5,5479.0575,LOW,RECURRING,LOW,1,1,0,0
300,3,26718.847499999996,LOW,RECURRING,HIGH,2,2,1,0
300,0,2015.19,LOW,NEW,LOW,1,0,0,0
300,7,27691.5225,LOW,NEW,LOW,0,3,1,0
300,2,1879.3874999999998,LOW,NEW,HIGH,1,0,0,0
300,4,6071.0175,LOW,RECURRING,LOW,1,0,1,0
300,6,3618.7349999999997,LOW,NEW,LOW,0,0,1,0
301,1,10543.9725,LOW,NEW,LOW,2,1,0,0
302,1,4483.38,LOW,RECURRING,HIGH,0,1,0,0
302,0,2624.91,LOW,NEW,LOW,1,0,0,0
302,2,4944.5625,LOW,NEW,HIGH,0,0,1,0
303,1,2181.75,LOW,RECURRING,HIGH,1,0,0,0
303,0,19229.28,LOW,NEW,LOW,2,1,2,0
305,3,4705.8675,LOW,NEW,HIGH,0,1,0,0
305,4,6812.52,LOW,NEW,HIGH,1,1,0,0
305,0,10260.164999999999,LOW,NEW,LOW,1,2,0,0
305,1,1957.9125000000001,LOW,RECURRING,HIGH,1,0,0,0
305,2,8211.210000000001,LOW,NEW,LOW,1,0,1,0
306,1,5033.3025,LOW,NEW,LOW,2,0,0,0
306,0,7030.515,LOW,NEW,LOW,1,1,0,0
307,1,12510.412499999999,LOW,NEW,HIGH,4,0,1,0
307,0,4059.2174999999997,LOW,RECURRING,LOW,0,1,0,0
308,1,3480.4725,LOW,NEW,HIGH,0,1,0,0
308,0,7318.897500000001,LOW,NEW,LOW,1,1,0,0
309,0,7650.84,LOW,NEW,LOW,1,1,0,0
310,0,14007.3975,LOW,RECURRING,HIGH,4,0,1,0
312,1,18088.0275,LOW,NEW,LOW,2,0,1,0
312,0,10756.47,LOW,NEW,HIGH,1,0,0,0
313,3,7952.3775000000005,LOW,NEW,LOW,2,0,1,0
313,2,27202.927499999998,LOW,RECURRING,LOW,1,2,1,0
313,0,27513.015,LOW,RECURRING,HIGH,3,2,2,0
313,4,4569.0,LOW,NEW,HIGH,0,0,1,0
313,1,2441.16,LOW,RECURRING,LOW,1,0,0,0
314,1,12721.829999999998,LOW,NEW,LOW,6,0,0,0
315,0,5544.9825,LOW,RECURRING,LOW,1,1,0,0
315,5,15517.125,LOW,NEW,LOW,0,1,1,0
316,1,12011.055,LOW,NEW,LOW,1,1,1,0
317,3,4465.987499999999,LOW,NEW,HIGH,2,0,0,0
317,0,2790.33,LOW,RECURRING,LOW,1,0,0,0
317,5,7164.84,LOW,NEW,LOW,2,1,0,0
317,4,4083.54,LOW,RECURRING,LOW,0,1,0,0
317,2,14215.98,LOW,NEW,LOW,0,3,0,0
317,1,4232.475,LOW,RECURRING,LOW,0,0,1,0
318,0,2444.8424999999997,LOW,NEW,HIGH,1,0,0,0
318,4,8846.145,LOW,RECURRING,HIGH,2,1,0,0
318,1,18831.375,LOW,NEW,LOW,1,1,2,0
319,0,7377.015,LOW,RECURRING,HIGH,1,1,0,0
319,2,12050.235,LOW,RECURRING,LOW,1,2,0,0
319,3,8490.015,LOW,NEW,HIGH,1,0,0,0
320,0,8858.3475,LOW,RECURRING,HIGH,1,2,0,0
320,1,4826.9475,LOW,NEW,HIGH,0,0,1,0
322,0,3565.0950000000003,LOW,NEW,HIGH,0,1,0,0
322,1,4326.4125,LOW,NEW,LOW,2,0,0,0
322,2,4852.2225,LOW,RECURRING,HIGH,0,0,1,0
323,1,4861.995,LOW,RECURRING,LOW,0,1,0,0
323,2,5491.74,LOW,NEW,HIGH,1,1,0,0
323,0,3972.0675,LOW,NEW,LOW,2,0,0,0
323,3,16281.99,LOW,RECURRING,LOW,6,0,1,0
323,4,8980.837500000001,LOW,NEW,LOW,0,1,1,0
324,4,15061.665,LOW,RECURRING,LOW,3,0,0,0
324,3,9361.567500000001,LOW,RECURRING,HIGH,0,0,2,0
324,0,7605.885,LOW,RECURRING,HIGH,1,0,1,0
326,4,25286.46,LOW,RECURRING,LOW,3,3,0,0
326,3,9003.9975,LOW,RECURRING,LOW,1,2,0,0
326,2,5536.92,LOW,NEW,HIGH,2,0,0,0
326,0,19802.625,LOW,NEW,LOW,1,1,1,0
326,1,7380.344999999999,LOW,RECURRING,HIGH,2,1,0,0
328,1,8547.75,LOW,RECURRING,HIGH,0,1,1,0
329,1,4923.9525,LOW,NEW,LOW,0,0,1,0
329,0,18340.927499999998,LOW,RECURRING,HIGH,1,2,0,0
331,0,11290.3425,LOW,RECURRING,HIGH,1,0,2,0
331,2,9807.119999999999,LOW,RECURRING,HIGH,1,0,0,0
331,3,7396.612499999999,LOW,NEW,LOW,2,1,0,0
333,1,7349.512500000001,LOW,RECURRING,LOW,1,1,0,0
335,1,2205.7575,LOW,NEW,LOW,1,0,0,0
337,0,4510.012500000001,LOW,RECURRING,HIGH,0,1,0,0
337,5,9714.067500000001,LOW,NEW,HIGH,2,1,0,0
337,1,5490.2925000000005,LOW,NEW,LOW,2,0,0,0
337,4,15407.122500000001,LOW,NEW,HIGH,1,3,0,0
337,2,3929.7000000000003,LOW,NEW,LOW,2,0,0,0
338,3,7765.245,LOW,NEW,HIGH,1,1,0,0
338,4,7244.3325,LOW,NEW,LOW,0,2,0,0
338,1,8160.8325,LOW,RECURRING,LOW,0,2,0,0
338,2,7613.535,LOW,NEW,LOW,1,1,0,0
339,4,8199.150000000001,LOW,RECURRING,LOW,3,0,0,0
339,3,9774.4725,LOW,NEW,HIGH,2,0,0,0
339,2,7383.3825,LOW,NEW,HIGH,1,1,0,0
339,1,20326.357500000002,LOW,RECURRING,LOW,1,2,1,0
339,0,14744.400000000001,LOW,RECURRING,HIGH,4,0,0,0
340,2,4186.215,LOW,NEW,LOW,0,0,1,0
340,3,9406.192500000001,LOW,NEW,HIGH,2,0,1,0
340,4,4666.8225,LOW,NEW,LOW,0,1,0,0
341,3,8029.530000000001,LOW,NEW,LOW,2,1,0,0
341,4,4923.6675000000005,LOW,NEW,LOW,2,0,0,0
341,0,9036.555,LOW,RECURRING,LOW,0,2,0,0
342,0,10519.8,LOW,NEW,LOW,2,0,1,0
343,1,7151.969999999999,LOW,RECURRING,HIGH,1,0,1,0
343,0,6125.9175000000005,LOW,NEW,LOW,1,1,0,0
344,0,4752.262500000001,LOW,NEW,LOW,0,1,0,0
344,1,4216.11,LOW,RECURRING,LOW,0,1,0,0
345,1,4955.8949999999995,LOW,NEW,HIGH,0,0,1,0
345,0,35866.155,LOW,RECURRING,HIGH,4,0,2,0
346,0,6138.1050000000005,LOW,NEW,LOW,1,0,1,0
347,1,9911.5275,LOW,RECURRING,HIGH,2,1,0,0
348,1,2399.04,LOW,NEW,LOW,1,0,0,0
350,2,15820.8825,LOW,NEW,LOW,2,1,1,0
350,1,6224.9325,LOW,RECURRING,HIGH,1,0,1,0
350,3,3865.9425,LOW,NEW,LOW,0,1,0,0
350,0,2146.3725,LOW,NEW,HIGH,1,0,0,0
352,0,19999.0875,LOW,RECURRING,HIGH,1,1,0,0
352,1,10617.1125,LOW,RECURRING,HIGH,3,1,0,0
353,0,13889.0925,LOW,RECURRING,LOW,1,0,1,0
353,3,3993.8324999999995,LOW,RECURRING,LOW,0,1,0,0
354,0,15570.2775,LOW,RECURRING,LOW,1,1,2,0
355,0,2413.1549999999997,LOW,NEW,HIGH,1,0,0,0
356,2,7373.745,LOW,RECURRING,LOW,1,0,1,0
356,1,1890.0,LOW,RECURRING,LOW,1,0,0,0
357,1,4925.3475,LOW,RECURRING,HIGH,2,0,0,0
357,2,16224.0225,LOW,NEW,LOW,3,0,2,0
358,2,4700.0475,LOW,NEW,LOW,0,0,1,0
358,1,5357.9025,LOW,NEW,LOW,2,0,0,0
358,0,4262.25,LOW,RECURRING,LOW,0,0,1,0
358,3,7100.227499999999,LOW,NEW,LOW,1,1,0,0
359,0,18955.4325,LOW,NEW,HIGH,0,1,1,0
359,1,2770.98,LOW,RECURRING,LOW,1,0,0,0
360,0,4363.9725,LOW,RECURRING,HIGH,0,1,0,0
360,3,23765.5875,LOW,NEW,LOW,1,2,1,0
360,1,2056.5075,LOW,NEW,LOW,1,0,0,0
361,0,2038.5075000000002,LOW,NEW,LOW,1,0,0,0
361,1,4979.325000000001,LOW,NEW,LOW,2,0,0,0
361,2,3820.9049999999997,LOW,RECURRING,LOW,0,0,1,0
363,0,14468.662499999999,LOW,RECURRING,LOW,2,2,0,0
364,5,13590.442500000001,LOW,NEW,LOW,1,2,1,0
364,4,12586.079999999998,LOW,NEW,HIGH,1,1,1,0
364,2,2390.895,LOW,RECURRING,HIGH,1,0,0,0
364,0,3978.6449999999995,LOW,NEW,HIGH,0,1,0,0
365,0,2752.7325,LOW,NEW,HIGH,1,0,0,0
365,1,2450.685,LOW,NEW,LOW,1,0,0,0
366,0,2339.3849999999998,LOW,NEW,LOW,1,0,0,0
367,0,4374.015,LOW,NEW,LOW,0,1,0,0
368,0,3668.49,LOW,NEW,LOW,0,0,1,0
368,1,11356.619999999999,LOW,RECURRING,HIGH,1,1,1,0
369,1,23117.835,LOW,RECURRING,LOW,1,1,0,0
369,0,11918.94,LOW,NEW,HIGH,0,3,0,0
369,2,22883.265,LOW,RECURRING,HIGH,2,2,1,0
371,0,9352.965,LOW,RECURRING,LOW,1,0,0,0
372,3,9781.02,LOW,RECURRING,LOW,2,0,0,0
373,2,5057.7975,LOW,NEW,HIGH,0,1,0,0
373,1,5994.8775000000005,LOW,NEW,HIGH,3,0,0,0
374,1,18918.975,LOW,NEW,LOW,2,1,0,0
374,0,8898.4725,LOW,NEW,LOW,1,2,0,0
376,2,7939.38,LOW,NEW,HIGH,2,1,0,0
376,3,11711.662499999999,LOW,RECURRING,HIGH,1,2,0,0
377,1,10955.7825,LOW,NEW,LOW,3,0,1,0
377,3,4330.6425,LOW,RECURRING,LOW,0,1,0,0
377,5,20252.25,LOW,NEW,LOW,3,2,1,0
378,1,3621.6675000000005,LOW,NEW,HIGH,0,1,0,0
378,0,3935.295,LOW,RECURRING,HIGH,0,0,1,0
380,2,16253.189999999999,LOW,NEW,HIGH,1,1,2,0
380,0,9444.825,LOW,NEW,HIGH,3,1,0,0
380,1,5642.37,LOW,NEW,LOW,3,0,0,0
380,3,4034.6325,LOW,RECURRING,LOW,0,0,1,0
382,0,11530.92,LOW,NEW,HIGH,1,2,0,0
382,1,4149.9675,LOW,RECURRING,HIGH,0,1,0,0
382,2,13425.7725,LOW,RECURRING,HIGH,0,2,1,0
383,1,9975.9825,LOW,NEW,HIGH,3,0,1,0
383,0,6112.7175,LOW,NEW,HIGH,1,1,0,0
384,0,5468.0625,LOW,RECURRING,LOW,2,0,0,0
385,0,7682.205,LOW,NEW,LOW,1,0,1,0
385,2,4233.2699999999995,LOW,RECURRING,HIGH,0,1,0,0
385,1,2044.5225,LOW,RECURRING,LOW,1,0,0,0
386,0,15069.712500000001,LOW,NEW,LOW,3,1,1,0
387,0,12433.215,LOW,NEW,HIGH,1,0,1,0
387,1,1895.4675,LOW,NEW,LOW,1,0,0,0
388,1,7305.217500000001,LOW,RECURRING,HIGH,1,1,0,0
389,0,15712.2975,LOW,RECURRING,HIGH,0,1,0,0
390,1,2594.355,LOW,NEW,LOW,1,0,0,0
390,0,2413.545,LOW,NEW,LOW,1,0,0,0
390,2,4386.87,LOW,NEW,LOW,2,0,0,0
391,0,4397.5425000000005,LOW,NEW,LOW,2,0,0,0
391,5,23086.1475,LOW,NEW,HIGH,2,2,0,0
391,4,2653.1025,LOW,NEW,LOW,1,0,0,0
391,1,7688.9925,LOW,NEW,HIGH,0,2,0,0
393,2,4836.3375,LOW,NEW,LOW,0,1,0,0
393,1,5118.0824999999995,LOW,RECURRING,HIGH,0,0,1,0
394,0,9383.91,LOW,NEW,LOW,2,1,0,0
394,3,6155.775000000001,LOW,NEW,HIGH,1,1,0,0
394,4,5464.785,LOW,RECURRING,LOW,2,0,0,0
394,1,10319.325,LOW,NEW,LOW,0,0,2,0
394,2,3446.9775,LOW,NEW,HIGH,0,1,0,0
396,1,4262.97,LOW,NEW,LOW,0,1,0,0
396,3,4092.7575,LOW,NEW,LOW,0,1,0,0
397,0,2674.3424999999997,LOW,RECURRING,HIGH,1,0,0,0
398,0,10599.195,LOW,NEW,HIGH,0,1,2,0
398,1,14742.915,LOW,RECURRING,LOW,2,0,2,0
398,2,2070.3224999999998,LOW,NEW,HIGH,1,0,0,0
399,0,4698.405,LOW,RECURRING,LOW,0,1,0,0
399,1,12571.155,LOW,NEW,HIGH,1,2,0,0
401,1,3951.3825,LOW,NEW,LOW,0,1,0,0
402,0,7259.2425,LOW,NEW,LOW,1,1,0,0
402,1,8033.445,LOW,RECURRING,LOW,0,1,1,0
403,0,16659.1575,LOW,RECURRING,LOW,1,1,0,0
403,1,10311.39,LOW,NEW,HIGH,2,1,0,0
405,0,4442.8125,LOW,RECURRING,LOW,2,0,0,0
406,2,9088.7175,LOW,RECURRING,LOW,2,1,0,0
406,0,7261.852499999999,LOW,NEW,LOW,0,1,1,0
406,3,4976.4075,LOW,NEW,HIGH,0,0,1,0
408,1,14573.362500000001,LOW,NEW,LOW,4,0,0,0
409,0,9416.317500000001,LOW,RECURRING,LOW,6,0,0,0
410,1,9761.1525,LOW,RECURRING,LOW,3,0,1,0
411,3,2263.1925,LOW,NEW,HIGH,1,0,0,0
411,0,3666.8175,LOW,RECURRING,HIGH,0,1,0,0
412,1,5935.9725,LOW,NEW,LOW,1,1,0,0
412,0,4892.0625,LOW,NEW,HIGH,0,0,1,0
412,2,15783.03,LOW,NEW,LOW,1,2,0,0
413,1,7056.592500000001,LOW,RECURRING,LOW,1,0,1,0
413,0,22238.475,LOW,NEW,LOW,3,3,1,0
415,0,7070.9325,LOW,RECURRING,LOW,0,1,1,0
415,1,7034.782499999999,LOW,NEW,LOW,1,0,1,0
415,2,16865.5875,LOW,NEW,LOW,1,0,1,0
416,1,23060.88,LOW,RECURRING,LOW,4,0,2,0
417,1,4252.0725,LOW,NEW,HIGH,0,0,1,0
418,0,3723.5625,LOW,NEW,HIGH,0,1,0,0
419,2,8086.657499999999,LOW,NEW,LOW,0,0,2,0
419,0,1892.685,LOW,RECURRING,LOW,1,0,0,0
419,1,8855.587500000001,LOW,NEW,LOW,0,1,1,0
420,2,9099.8925,LOW,NEW,LOW,0,2,0,0
422,0,2490.2250000000004,LOW,RECURRING,LOW,1,0,0,0
424,0,15282.1725,LOW,RECURRING,LOW,1,2,0,0
425,1,5777.9625,LOW,RECURRING,LOW,1,0,1,0
425,2,11096.182499999999,LOW,RECURRING,LOW,1,1,1,0
425,3,6361.4175,LOW,RECURRING,LOW,1,1,0,0
425,4,4530.2175,LOW,NEW,LOW,0,1,0,0
426,1,7749.150000000001,LOW,RECURRING,LOW,0,2,0,0
426,0,10605.539999999999,LOW,RECURRING,HIGH,1,2,0,0
428,0,17968.1175,LOW,RECURRING,LOW,2,0,0,0
428,2,17779.6275,LOW,NEW,LOW,1,3,1,0
428,1,9662.91,LOW,NEW,LOW,0,1,1,0
429,0,2284.68,LOW,NEW,LOW,1,0,0,0
429,5,4301.265,LOW,NEW,LOW,0,0,1,0
429,3,7809.862499999999,LOW,NEW,HIGH,4,0,0,0
429,1,11963.602499999999,LOW,RECURRING,LOW,3,0,1,0
430,1,6141.112499999999,LOW,NEW,HIGH,1,1,0,0
430,0,1936.0874999999999,LOW,NEW,HIGH,1,0,0,0
431,5,2506.0575,LOW,NEW,LOW,1,0,0,0
431,1,14570.002499999999,LOW,RECURRING,HIGH,3,2,0,0
431,4,5479.5375,LOW,NEW,LOW,1,1,0,0
431,0,10828.1775,LOW,RECURRING,LOW,1,0,0,0
433,1,28892.1225,LOW,RECURRING,HIGH,2,1,4,0
433,2,5162.137500000001,LOW,NEW,LOW,0,0,1,0
434,1,4236.5775,LOW,RECURRING,HIGH,2,0,0,0
435,0,11003.5125,LOW,NEW,LOW,2,1,1,0
436,0,15564.314999999999,LOW,NEW,LOW,2,1,0,0
436,2,14441.1975,LOW,RECURRING,LOW,1,0,0,0
438,1,4189.095,LOW,NEW,LOW,0,1,0,0
439,1,5412.96,LOW,NEW,HIGH,1,1,0,0
439,0,6757.462500000001,LOW,NEW,HIGH,1,1,0,0
440,3,2368.8374999999996,LOW,NEW,HIGH,1,0,0,0
440,1,8435.295,LOW,NEW,HIGH,0,0,2,0
440,0,23912.4,LOW,RECURRING,LOW,0,2,1,0
441,3,8680.807499999999,LOW,NEW,LOW,0,2,0,0
441,0,14522.655,LOW,RECURRING,HIGH,6,1,0,0
441,2,11672.9925,LOW,RECURRING,HIGH,1,0,0,0
442,0,2760.5025,LOW,NEW,LOW,1,0,0,0
443,0,10286.9175,LOW,RECURRING,HIGH,0,1,1,0
443,3,14859.3525,LOW,RECURRING,LOW,4,1,0,0
444,0,13146.48,LOW,NEW,HIGH,1,2,1,0
445,3,13706.0625,LOW,RECURRING,LOW,1,3,0,0
445,0,35788.5,LOW,NEW,LOW,3,3,2,0
445,5,5561.805,LOW,RECURRING,LOW,2,0,0,0
445,1,5948.6175,LOW,NEW,LOW,1,1,0,0
445,6,11251.0425,LOW,NEW,LOW,1,1,1,0
446,2,19649.805,LOW,RECURRING,LOW,2,0,1,0
446,0,10921.3875,LOW,RECURRING,LOW,0,1,2,0
447,0,3919.38,LOW,NEW,LOW,2,0,0,0
448,1,6198.112499999999,LOW,NEW,HIGH,3,0,0,0
448,2,6988.477499999999,LOW,RECURRING,HIGH,1,1,0,0
448,0,4184.0475,LOW,RECURRING,LOW,0,0,1,0
449,1,4986.465,LOW,RECURRING,HIGH,2,0,0,0
449,0,6515.587500000001,LOW,RECURRING,LOW,1,0,1,0
450,1,13180.612500000001,LOW,RECURRING,LOW,1,1,1,0
452,0,5408.6025,LOW,NEW,LOW,2,0,0,0
452,4,14355.682499999999,LOW,NEW,HIGH,1,0,1,0
453,0,10827.352499999999,LOW,NEW,HIGH,0,2,1,0
453,2,2148.0075,LOW,RECURRING,HIGH,1,0,0,0
453,1,2388.9750000000004,LOW,RECURRING,LOW,1,0,0,0
454,0,11215.0425,LOW,NEW,LOW,2,1,1,0
455,0,8115.795,LOW,NEW,HIGH,2,0,1,0
455,1,2625.3075,LOW,RECURRING,HIGH,1,0,0,0
456,0,9324.18,LOW,NEW,HIGH,1,2,0,0
456,3,5640.5325,LOW,RECURRING,LOW,3,0,0,0
456,2,13421.22,LOW,NEW,HIGH,1,1,2,0
457,1,2126.5275,LOW,NEW,HIGH,1,0,0,0
458,0,4887.4275,LOW,NEW,LOW,0,0,1,0
458,1,1901.6999999999998,LOW,RECURRING,HIGH,1,0,0,0
459,0,8624.789999999999,LOW,NEW,HIGH,0,1,1,0
459,1,12529.47,LOW,RECURRING,LOW,2,2,0,0
459,2,3829.38,LOW,NEW,HIGH,0,0,1,0
460,0,8576.0325,LOW,RECURRING,LOW,0,1,1,0
461,0,3460.2225,LOW,NEW,LOW,0,1,0,0
461,4,8265.307499999999,LOW,RECURRING,LOW,2,0,1,0
461,5,6460.605,LOW,RECURRING,LOW,1,1,0,0
461,1,4234.387500000001,LOW,RECURRING,HIGH,0,0,1,0
462,2,13072.8825,LOW,RECURRING,LOW,2,1,1,0
463,0,23203.0875,LOW,NEW,LOW,3,2,1,0
464,3,4830.5775,LOW,RECURRING,LOW,0,1,0,0
464,0,9150.682499999999,LOW,RECURRING,LOW,0,1,1,0
464,1,2627.0475,LOW,NEW,LOW,1,0,0,0
464,2,17557.5075,LOW,RECURRING,HIGH,3,0,1,0
465,1,2203.1925,LOW,NEW,LOW,1,0,0,0
465,2,7548.015,LOW,NEW,HIGH,3,0,0,0
466,1,1963.5825,LOW,NEW,LOW,1,0,0,0
466,3,14081.099999999999,LOW,NEW,HIGH,1,0,1,0
466,2,10576.95,LOW,NEW,LOW,2,0,1,0
467,0,2579.9925,LOW,RECURRING,HIGH,1,0,0,0
467,1,10945.8675,LOW,NEW,LOW,2,0,1,0
467,3,6723.8925,LOW,NEW,HIGH,1,0,1,0
467,2,4139.6325,LOW,RECURRING,LOW,0,1,0,0
468,0,11697.0,LOW,RECURRING,LOW,4,1,0,0
469,3,4764.8324999999995,LOW,RECURRING,LOW,0,0,1,0
469,0,7492.710000000001,LOW,NEW,LOW,1,1,0,0
469,1,5264.4675,LOW,RECURRING,HIGH,2,0,0,0
469,2,2529.0075,LOW,RECURRING,HIGH,1,0,0,0
470,2,2665.5375000000004,LOW,RECURRING,LOW,1,0,0,0
470,0,2191.8374999999996,LOW,RECURRING,LOW,1,0,0,0
470,4,9299.2575,LOW,RECURRING,LOW,0,0,2,0
472,0,10581.465,LOW,RECURRING,LOW,2,0,1,0
472,1,10134.18,LOW,NEW,HIGH,2,0,0,0
475,1,7545.885,LOW,RECURRING,HIGH,2,1,0,0
475,2,5809.3575,LOW,RECURRING,HIGH,1,0,1,0
477,1,7886.73,LOW,NEW,HIGH,0,0,2,0
477,3,12377.3025,LOW,NEW,LOW,3,1,0,0
477,2,15089.265,LOW,NEW,LOW,1,1,2,0
478,2,5630.2725,LOW,RECURRING,LOW,1,0,1,0
478,1,10110.337500000001,LOW,NEW,HIGH,2,1,0,0
479,0,2275.71,LOW,RECURRING,LOW,1,0,0,0
481,0,9026.7075,LOW,RECURRING,HIGH,1,1,1,0
481,1,4013.9175000000005,LOW,RECURRING,HIGH,0,1,0,0
481,2,11873.01,LOW,NEW,LOW,1,2,0,0
482,2,6445.5825,LOW,RECURRING,LOW,3,0,0,0
483,1,3968.2875000000004,LOW,NEW,LOW,0,0,1,0
483,0,11777.1375,LOW,RECURRING,LOW,2,1,1,0
483,2,22755.975,LOW,NEW,HIGH,0,0,1,0
483,3,16045.567500000001,LOW,RECURRING,HIGH,1,2,0,0
484,0,10434.397500000001,LOW,RECURRING,HIGH,0,0,2,0
484,1,8345.6775,LOW,RECURRING,LOW,0,1,1,0
485,3,17747.5425,LOW,RECURRING,HIGH,3,1,0,0
485,1,2766.3450000000003,LOW,RECURRING,LOW,1,0,0,0
485,0,22047.2775,LOW,NEW,LOW,1,3,1,0
485,4,9584.0775,LOW,RECURRING,LOW,2,1,0,0
486,1,9628.994999999999,LOW,RECURRING,LOW,1,1,1,0
486,0,9865.065,LOW,NEW,HIGH,1,0,0,0
487,0,4824.405,LOW,NEW,LOW,0,1,0,0
488,2,2055.375,LOW,RECURRING,LOW,1,0,0,0
488,0,8844.99,LOW,RECURRING,LOW,2,0,1,0
488,3,2363.16,LOW,NEW,HIGH,1,0,0,0
488,1,12035.925,LOW,NEW,LOW,2,0,2,0
490,1,12231.2775,LOW,NEW,LOW,1,1,0,0
490,0,4210.987499999999,LOW,NEW,LOW,0,0,1,0
491,1,2260.3650000000002,LOW,RECURRING,LOW,1,0,0,0
492,3,1936.245,LOW,RECURRING,HIGH,1,0,0,0
492,0,2149.7775,LOW,RECURRING,LOW,1,0,0,0
493,0,13272.6975,LOW,NEW,HIGH,0,1,1,0
493,3,8751.84,LOW,NEW,LOW,0,0,2,0
494,2,7223.1825,LOW,RECURRING,HIGH,0,1,1,0
494,0,2236.6499999999996,LOW,RECURRING,LOW,1,0,0,0
494,1,9506.287499999999,LOW,RECURRING,LOW,2,0,1,0
495,1,6955.92,LOW,NEW,LOW,1,1,0,0
496,0,8082.99,LOW,NEW,LOW,1,0,1,0
496,1,7897.6275000000005,LOW,NEW,LOW,2,0,1,0
497,2,5053.1025,LOW,RECURRING,LOW,0,0,1,0
497,1,16034.7825,LOW,NEW,HIGH,4,1,0,0
498,0,20485.4175,LOW,NEW,HIGH,2,3,0,0
499,1,18694.8975,LOW,NEW,HIGH,6,1,1,0
499,0,7155.022500000001,LOW,RECURRING,HIGH,1,1,0,0
499,2,12375.5625,LOW,NEW,LOW,0,2,1,0
500,3,4891.7175,LOW,NEW,LOW,0,0,1,0
500,0,2111.3175,LOW,RECURRING,LOW,1,0,0,0
500,2,22225.079999999998,LOW,RECURRING,LOW,1,1,3,0
501,0,12159.8325,LOW,RECURRING,LOW,3,0,0,0
501,3,3886.1325,LOW,NEW,LOW,0,0,1,0
501,1,10550.175,LOW,RECURRING,LOW,1,2,0,0
501,5,9966.3225,LOW,NEW,LOW,3,0,1,0
501,2,5531.3925,LOW,NEW,LOW,1,1,0,0
501,4,5181.2325,LOW,NEW,HIGH,0,0,1,0
502,1,3808.5225,LOW,NEW,LOW,0,0,1,0
502,0,4507.7474999999995,LOW,RECURRING,HIGH,0,0,1,0
503,1,6834.6825,LOW,RECURRING,HIGH,1,0,1,0
503,2,15367.4775,LOW,RECURRING,LOW,2,1,0,0
